Threads,Match,Time (ms),Speedup,Efficiency
1,1,0.101,1,1
2,1,0.096,1.05208,0.526042
3,1,0.101,1,0.333333
4,1,0.1,1.01,0.2525
5,1,0.095,1.06316,0.212632
6,1,0.116,0.87069,0.145115
7,1,0.096,1.05208,0.150298
8,1,0.11,0.918182,0.114773
9,1,0.113,0.893805,0.0993117
10,1,0.11,0.918182,0.0918182
11,1,0.112,0.901786,0.0819805
12,1,0.101,1,0.0833333
