Threads,Match,Time (ms),Speedup,Efficiency
1,1,0.116,1,1
2,1,0.136,0.852941,0.426471
3,1,0.118,0.983051,0.327684
4,1,0.12,0.966667,0.241667
5,1,0.133,0.87218,0.174436
6,1,0.134,0.865672,0.144279
7,1,0.12,0.966667,0.138095
8,1,0.121,0.958678,0.119835
9,1,0.116,1,0.111111
10,1,0.136,0.852941,0.0852941
11,1,0.137,0.846715,0.0769741
12,1,0.137,0.846715,0.0705596
