Threads,Match,Time (ms),Speedup,Efficiency
1,0,0.085,1,1
2,0,0.062,1.37097,0.685484
3,0,0.055,1.54545,0.515152
4,0,0.062,1.37097,0.342742
5,0,0.076,1.11842,0.223684
6,0,0.064,1.32812,0.221354
7,0,0.077,1.1039,0.157699
8,0,0.078,1.08974,0.136218
9,0,0.078,1.08974,0.121083
10,0,0.054,1.57407,0.157407
11,0,0.072,1.18056,0.107323
12,0,0.057,1.49123,0.124269
