Threads,Match,Time (ms),Speedup,Efficiency
1,1,0.05,1,1
2,1,0.038,1.31579,0.657895
3,1,0.028,1.78571,0.595238
4,1,0.056,0.892857,0.223214
5,1,0.031,1.6129,0.322581
6,1,0.038,1.31579,0.219298
7,1,0.039,1.28205,0.18315
8,1,0.039,1.28205,0.160256
9,1,0.041,1.21951,0.135501
10,1,0.036,1.38889,0.138889
11,1,0.039,1.28205,0.11655
12,1,0.039,1.28205,0.106838
