Threads,Match,Time (ms),Speedup,Efficiency
1,1,0.525,1,1
2,1,0.426,1.23239,0.616197
3,1,0.347,1.51297,0.504323
4,1,0.328,1.60061,0.400152
5,1,0.474,1.10759,0.221519
6,1,0.426,1.23239,0.205399
7,1,0.443,1.1851,0.1693
8,1,0.482,1.08921,0.136151
9,1,0.432,1.21528,0.135031
10,1,0.338,1.55325,0.155325
11,1,0.429,1.22378,0.111252
12,1,0.417,1.25899,0.104916
