Threads,Match,Time (ms),Speedup,Efficiency
1,1,0.048,1,1
2,1,0.041,1.17073,0.585366
3,1,0.043,1.11628,0.372093
4,1,0.065,0.738462,0.184615
5,1,0.048,1,0.2
6,1,0.045,1.06667,0.177778
7,1,0.043,1.11628,0.159468
8,1,0.045,1.06667,0.133333
9,1,0.043,1.11628,0.124031
10,1,0.045,1.06667,0.106667
11,1,0.047,1.02128,0.0928433
12,1,0.047,1.02128,0.0851064
