Threads,Match,Time (ms),Speedup,Efficiency
1,1,0.104,1,1
2,1,0.103,1.00971,0.504854
3,1,0.103,1.00971,0.33657
4,1,0.104,1,0.25
5,1,0.11,0.945455,0.189091
6,1,0.107,0.971963,0.161994
7,1,0.106,0.981132,0.140162
8,1,0.103,1.00971,0.126214
9,1,0.102,1.01961,0.11329
10,1,0.102,1.01961,0.101961
11,1,0.104,1,0.0909091
12,1,0.102,1.01961,0.0849673
