Threads,Match,Time (ms),Speedup,Efficiency
1,1,0.046,1,1
2,1,0.044,1.04545,0.522727
3,1,0.041,1.12195,0.373984
4,1,0.041,1.12195,0.280488
5,1,0.051,0.901961,0.180392
6,1,0.049,0.938776,0.156463
7,1,0.051,0.901961,0.128852
8,1,0.046,1,0.125
9,1,0.043,1.06977,0.118863
10,1,0.049,0.938776,0.0938776
11,1,0.055,0.836364,0.0760331
12,1,0.048,0.958333,0.0798611
