Threads,Match,Time (ms),Speedup,Efficiency
1,1,0.261,1,1
2,1,0.274,0.952555,0.476277
3,1,0.26,1.00385,0.334615
4,1,0.262,0.996183,0.249046
5,1,0.262,0.996183,0.199237
6,1,0.259,1.00772,0.167954
7,1,0.27,0.966667,0.138095
8,1,0.269,0.97026,0.121283
9,1,0.26,1.00385,0.111538
10,1,0.278,0.938849,0.0938849
11,1,0.271,0.9631,0.0875545
12,1,0.267,0.977528,0.0814607
